[Header],,
IEMFileVersion,4,
Date,8/25/18,
Workflow,GenerateFASTQ,
Application,NextSeq FASTQ Only,
Assay,Custom,
Description,,
Chemistry,Default,
,,
[Reads],,
75,,
75,,
,,
[Settings],,
Adapter,AATGATACGGCGACCACCGAGATCTACAC ,
AdapterRead2,CAAGCAGAAGACGGCATACGAGAT ,
,,
[Data],,
Sample_ID,Sample_Name,index
SAMPLE01,20180725_1_Gastroc_002_piece,GTTAACAG
SAMPLE02,20180725_2_Gastroc_002_powder,AATGGTAG
SAMPLE03,20180725_3_Gastroc_002_powder,GAGCACGT
SAMPLE04,20180725_4_Liver_002_piece,TTTCGTCA
SAMPLE05,20180725_5_Liver_002_powder,CAAGAATT
SAMPLE06,20180725_6_Liver_002_powder,GAAATGCC
SAMPLE07,20180731_7_Gastroc_001_powder,AACGCCAT
SAMPLE08,20180731_8_Liver_001_powder,CCTCGCAG
SAMPLE09,20180815_9_Heart_002_piece,TAAGGCGA
SAMPLE10,20180815_10_Heart_002_powder,CGTACTAG
SAMPLE11,20180815_11_Lung_002_piece,AGGCAGAA
SAMPLE12,20180815_12_Lung_002_powder,TAGGCATG
SAMPLE13,20180815_13_Adipose_002_piece,CTCTCTAC
SAMPLE14,20180815_14_Adipose_002_powder,CAGAGAGG
SAMPLE15,20180720_5_muscle frozen,ATAAGTTA
SAMPLE16,20180404_3_muscle_1/5,GTTAACAG